[
    {"name": "Afghanistan", "name_ne" : "अफगानिस्तान", "code": "AF"},
    {"name": "Åland Islands","name_ne" : "आल्याण्ड टापुहरू", "code": "AX"},
    {"name": "Albania","name_ne" : "अल्बानिया", "code": "AL"},
    {"name": "Algeria","name_ne" : "अल्जेरिया", "code": "DZ"},
    {"name": "American Samoa","name_ne" : "अमेरिकी सामोआ", "code": "AS"},
    {"name": "AndorrA","name_ne" : "एन्डोरा", "code": "AD"},
    {"name": "Angola","name_ne" : "अंगोला", "code": "AO"},
    {"name": "Anguilla","name_ne" : "एंगुइला", "code": "AI"},
    {"name": "Antarctica","name_ne" : "अन्टार्कटिका", "code": "AQ"},
    {"name": "Antigua and Barbuda","name_ne" : "एन्टिगुवा र बारबुडा", "code": "AG"},
    {"name": "Argentina","name_ne" : "अर्जेन्टिना", "code": "AR"},
    {"name": "Armenia","name_ne" : "आर्मेनिया", "code": "AM"},
    {"name": "Aruba","name_ne" : "अरुबा", "code": "AW"},
    {"name": "Australia","name_ne" : "अस्ट्रेलिया", "code": "AU"},
    {"name": "Austria","name_ne" : "अस्ट्रिया", "code": "AT"},
    {"name": "Azerbaijan","name_ne" : "अजरबैजान", "code": "AZ"},
    {"name": "Bahamas","name_ne" : "बहामास", "code": "BS"},
    {"name": "Bahrain","name_ne" : "बहराइन", "code": "BH"},
    {"name": "Bangladesh","name_ne" : "बंगलादेश", "code": "BD"},
    {"name": "Barbados","name_ne" : "बार्बाडोस", "code": "BB"},
    {"name": "Belarus","name_ne" : "बेलारुस", "code": "BY"},
    {"name": "Belgium","name_ne" : "बेल्जियम", "code": "BE"},
    {"name": "Belize","name_ne" : "बेलीज", "code": "BZ"},
    {"name": "Benin","name_ne" : "बेनिन", "code": "BJ"},
    {"name": "Bermuda","name_ne" : "बर्मुडा", "code": "BM"},
    {"name": "Bhutan","name_ne" : "भुटान", "code": "BT"},
    {"name": "Bolivia","name_ne" : "बोलिभिया", "code": "BO"},
    {"name": "Bosnia and Herzegovina","name_ne" : "बोस्निया र हेर्जेगोभिना", "code": "BA"},
    {"name": "Botswana","name_ne" : "बोत्सवाना", "code": "BW"},
    {"name": "Bouvet Island","name_ne" : "Bouvet द्वीप", "code": "BV"},
    {"name": "Brazil","name_ne" : "ब्राजिल", "code": "BR"},
    {"name": "British Indian Ocean Territory","name_ne" : "ब्रिटिश हिन्द महासागर क्षेत्र", "code": "IO"},
    {"name": "Brunei Darussalam","name_ne" : "ब्रुनाई दारुसलाम", "code": "BN"},
    {"name": "Bulgaria","name_ne" : "बुल्गेरिया", "code": "BG"},
    {"name": "Burkina Faso","name_ne" : "बुर्किना फासो", "code": "BF"},
    {"name": "Burundi","name_ne" : "बुरुन्डी", "code": "BI"},
    {"name": "Cambodia","name_ne" : "कम्बोडिया", "code": "KH"},
    {"name": "Cameroon","name_ne" : "क्यामरुन", "code": "CM"},
    {"name": "Canada","name_ne" : "क्यानडा", "code": "CA"},
    {"name": "Cape Verde","name_ne" : "केप भर्डे", "code": "CV"},
    {"name": "Cayman Islands","name_ne" : "केम्यान टापुहरू", "code": "KY"},
    {"name": "Central African Republic","name_ne" : "मध्य अफ्रिकी गणतन्त्र", "code": "CF"},
    {"name": "Chad","name_ne" : "चाड", "code": "TD"},
    {"name": "Chile","name_ne" : "चिली", "code": "CL"},
    {"name": "China","name_ne" : "चीन", "code": "CN"},
    {"name": "Christmas Island","name_ne" : "क्रिसमस आइल्याण्ड", "code": "CX"},
    {"name": "Cocos (Keeling) Islands","name_ne" : "कोकोस (कीलिंग) टापुहरू", "code": "CC"},
    {"name": "Colombia","name_ne" : "कोलम्बिया", "code": "CO"},
    {"name": "Comoros","name_ne" : "कोमोरोस", "code": "KM"},
    {"name": "Congo","name_ne" : "कंगो", "code": "CG"},
    {"name": "Congo, The Democratic Republic of the","name_ne" : "कंगो, प्रजातान्त्रिक गणतन्त्र", "code": "CD"},
    {"name": "Cook Islands","name_ne" : "कुक टापुहरू", "code": "CK"},
    {"name": "Costa Rica","name_ne" : "कोस्टारिका", "code": "CR"},
    {"name": "Cote D Ivoire","name_ne" : "कोटे डी आइवर", "code": "CI"},
    {"name": "Croatia","name_ne" : "क्रोएसिया", "code": "HR"},
    {"name": "Cuba","name_ne" : "क्युबा", "code": "CU"},
    {"name": "Cyprus","name_ne" : "साइप्रस", "code": "CY"},
    {"name": "Czech Republic","name_ne" : "चेक गणतन्त्र", "code": "CZ"},
    {"name": "Denmark","name_ne" : "डेनमार्क", "code": "DK"},
    {"name": "Djibouti","name_ne" : "जिबूती", "code": "DJ"},
    {"name": "Dominica","name_ne" : "डोमिनिका", "code": "DM"},
    {"name": "Dominican Republic","name_ne" : "डोमिनिकन गणतन्त्र", "code": "DO"},
    {"name": "Ecuador","name_ne" : "इक्वेडर", "code": "EC"},
    {"name": "Egypt","name_ne" : "इजिप्ट", "code": "EG"},
    {"name": "El Salvador","name_ne" : "एल साल्भाडोर", "code": "SV"},
    {"name": "Equatorial Guinea","name_ne" : "इक्वेटोरियल गिनी", "code": "GQ"},
    {"name": "Eritrea","name_ne" : "इरिट्रिया", "code": "ER"},
    {"name": "Estonia","name_ne" : "इस्टोनिया", "code": "EE"},
    {"name": "Ethiopia","name_ne" : "इथियोपिया", "code": "ET"},
    {"name": "Falkland Islands (Malvinas)","name_ne" : "फकल्याण्ड टापु (माल्विनास)", "code": "FK"},
    {"name": "Faroe Islands","name_ne" : "फारो टापुहरू", "code": "FO"},
    {"name": "Fiji","name_ne" : "फिजी", "code": "FJ"},
    {"name": "Finland","name_ne" : "फिनल्याण्ड", "code": "FI"},
    {"name": "France","name_ne" : "फ्रान्स", "code": "FR"},
    {"name": "French Guiana","name_ne" : "फ्रेन्च गुयाना", "code": "GF"},
    {"name": "French Polynesia","name_ne" : "फ्रेन्च पोलिनेसिया", "code": "PF"},
    {"name": "French Southern Territories","name_ne" : "फ्रान्सेली दक्षिणी क्षेत्रहरू", "code": "TF"},
    {"name": "Gabon","name_ne" : "ग्याबोन", "code": "GA"},
    {"name": "Gambia","name_ne" : "गाम्बिया", "code": "GM"},
    {"name": "Georgia","name_ne" : "जर्जिया", "code": "GE"},
    {"name": "Germany","name_ne" : "जर्मनी", "code": "DE"},
    {"name": "Ghana","name_ne" : "घाना", "code": "GH"},
    {"name": "Gibraltar","name_ne" : "जिब्राल्टर", "code": "GI"},
    {"name": "Greece","name_ne" : "ग्रीस", "code": "GR"},
    {"name": "Greenland","name_ne" : "ग्रीनल्याण्ड", "code": "GL"},
    {"name": "Grenada","name_ne" : "ग्रेनाडा", "code": "GD"},
    {"name": "Guadeloupe","name_ne" : "ग्वाडेलुप", "code": "GP"},
    {"name": "Guam","name_ne" : "गुआम", "code": "GU"},
    {"name": "Guatemala","name_ne" : "ग्वाटेमाला", "code": "GT"},
    {"name": "Guernsey","name_ne" : "Guernsey", "code": "GG"},
    {"name": "Guinea","name_ne" : "गिनी", "code": "GN"},
    {"name": "Guinea-Bissau","name_ne" : "गिनी-बिसाउ", "code": "GW"},
    {"name": "Guyana","name_ne" : "गुयाना", "code": "GY"},
    {"name": "Haiti","name_ne" : "हाइटी", "code": "HT"},
    {"name": "Heard Island and Mcdonald Islands","name_ne" : "हर्ड आइल्याण्ड र म्याकडोनाल्ड टापुहरू", "code": "HM"},
    {"name": "Holy See (Vatican City State)","name_ne" : "होली सी (भ्याटिकन सिटी राज्य)", "code": "VA"},
    {"name": "Honduras","name_ne" : "होन्डुरस", "code": "HN"},
    {"name": "Hong Kong","name_ne" : "हंगकंग", "code": "HK"},
    {"name": "Hungary","name_ne" : "हंगेरी", "code": "HU"},
    {"name": "Iceland","name_ne" : "आइसल्याण्ड", "code": "IS"},
    {"name": "India","name_ne" : "भारत", "code": "IN"},
    {"name": "Indonesia","name_ne" : "इन्डोनेसिया", "code": "ID"},
    {"name": "Iran, Islamic Republic Of","name_ne" : "इरान, इस्लामिक गणतन्त्र", "code": "IR"},
    {"name": "Iraq","name_ne" : "इराक", "code": "IQ"},
    {"name": "Ireland","name_ne" : "आयरल्याण्ड", "code": "IE"},
    {"name": "Isle of Man","name_ne" : "आइल अफ म्यान", "code": "IM"},
    {"name": "Israel","name_ne" : "इजरायल", "code": "IL"},
    {"name": "Italy","name_ne" : "इटाली", "code": "IT"},
    {"name": "Jamaica","name_ne" : "जमैका", "code": "JM"},
    {"name": "Japan","name_ne" : "जापान", "code": "JP"},
    {"name": "Jersey","name_ne" : "जर्सी", "code": "JE"},
    {"name": "Jordan","name_ne" : "जोर्डन", "code": "JO"},
    {"name": "Kazakhstan","name_ne" : "काजाकिस्तान", "code": "KZ"},
    {"name": "Kenya","name_ne" : "केन्या", "code": "KE"},
    {"name": "Kiribati","name_ne" : "किरिबाटी", "code": "KI"},
    {"name": "Korea, Democratic People'S Republic of","name_ne" : "कोरिया, लोकतान्त्रिक जन गणतन्त्र", "code": "KP"},
    {"name": "Korea, Republic of","name_ne" : "Korea, Republic of", "code": "KR"},
    {"name": "Kuwait","name_ne" : "Kuwait", "code": "KW"},
    {"name": "Kyrgyzstan","name_ne" : "किर्गिजस्तान", "code": "KG"},
    {"name": "Lao People'S Democratic Republic","name_ne" : "लाओ जनवादी लोकतान्त्रिक गणतन्त्र", "code": "LA"},
    {"name": "Latvia","name_ne" : "लाटभिया", "code": "LV"},
    {"name": "Lebanon","name_ne" : "लेबनान", "code": "LB"},
    {"name": "Lesotho","name_ne" : "लेसोथो", "code": "LS"},
    {"name": "Liberia","name_ne" : "लाइबेरिया", "code": "LR"},
    {"name": "Libyan Arab Jamahiriya","name_ne" : "लिबिया अरब जमहिरिया", "code": "LY"},
    {"name": "Liechtenstein","name_ne" : "लिकटेन्स्टाइन", "code": "LI"},
    {"name": "Lithuania","name_ne" : "लिथुआनिया", "code": "LT"},
    {"name": "Luxembourg","name_ne" : "लक्जमबर्ग", "code": "LU"},
    {"name": "Macao","name_ne" : "मकाउ", "code": "MO"},
    {"name": "Macedonia, The Former Yugoslav Republic of","name_ne" : "म्यासेडोनिया, पूर्व युगोस्लाभ गणतन्त्र", "code": "MK"},
    {"name": "Madagascar","name_ne" : "मेडागास्कर", "code": "MG"},
    {"name": "Malawi","name_ne" : "मलावी", "code": "MW"},
    {"name": "Malaysia","name_ne" : "मलेसिया", "code": "MY"},
    {"name": "Maldives","name_ne" : "माल्दिभ्स", "code": "MV"},
    {"name": "Mali","name_ne" : "माली", "code": "ML"},
    {"name": "Malta","name_ne" : "माल्टा", "code": "MT"},
    {"name": "Marshall Islands","name_ne" : "मार्शल टापुहरू", "code": "MH"},
    {"name": "Martinique","name_ne" : "मार्टिनिक", "code": "MQ"},
    {"name": "Mauritania","name_ne" : "मौरिटानिया", "code": "MR"},
    {"name": "Mauritius","name_ne" : "मौरिसस", "code": "MU"},
    {"name": "Mayotte","name_ne" : "मेयोट", "code": "YT"},
    {"name": "Mexico","name_ne" : "मेक्सिको", "code": "MX"},
    {"name": "Micronesia, Federated States of","name_ne" : "माइक्रोनेसिया, संघीय राज्यहरू", "code": "FM"},
    {"name": "Moldova, Republic of","name_ne" : "मोल्डोभा, गणतन्त्र", "code": "MD"},
    {"name": "Monaco","name_ne" : "मोनाको", "code": "MC"},
    {"name": "Mongolia","name_ne" : "मंगोलिया", "code": "MN"},
    {"name": "Montenegro","name_ne" : "मोन्टेनेग्रो", "code": "ME"},
    {"name": "Montserrat","name_ne" : "मोन्टसेराट", "code": "MS"},
    {"name": "Morocco","name_ne" : "मोरक्को", "code": "MA"},
    {"name": "Mozambique","name_ne" : "मोजाम्बिक", "code": "MZ"},
    {"name": "Myanmar","name_ne" : "म्यानमार", "code": "MM"},
    {"name": "Namibia","name_ne" : "नामिबिया", "code": "NA"},
    {"name": "Nauru","name_ne" : "नाउरु", "code": "NR"},
    {"name": "Nepal","name_ne" : "नेपाल", "code": "NP"},
    {"name": "Netherlands","name_ne" : "नेदरल्याण्ड्स", "code": "NL"},
    {"name": "Netherlands Antilles","name_ne" : "नेदरल्याण्ड्स एन्टिलिज", "code": "AN"},
    {"name": "New Caledonia","name_ne" : "न्यू क्यालेडोनिया", "code": "NC"},
    {"name": "New Zealand","name_ne" : "न्युजिल्याण्ड", "code": "NZ"},
    {"name": "Nicaragua","name_ne" : "निकारागुआ", "code": "NI"},
    {"name": "Niger","name_ne" : "नाइजर", "code": "NE"},
    {"name": "Nigeria","name_ne" : "नाइजेरिया", "code": "NG"},
    {"name": "Niue","name_ne" : "निउ", "code": "NU"},
    {"name": "Norfolk Island","name_ne" : "नोर्फोक द्वीप", "code": "NF"},
    {"name": "Northern Mariana Islands","name_ne" : "उत्तरी मारियाना टापुहरू", "code": "MP"},
    {"name": "Norway","name_ne" : "नर्वे", "code": "NO"},
    {"name": "Oman","name_ne" : "ओमान", "code": "OM"},
    {"name": "Pakistan","name_ne" : "पाकिस्तान", "code": "PK"},
    {"name": "Palau","name_ne" : "पलाउ", "code": "PW"},
    {"name": "Palestinian Territory, Occupied","name_ne" : "प्यालेस्टिनी क्षेत्र, कब्जा", "code": "PS"},
    {"name": "Panama","name_ne" : "पनामा", "code": "PA"},
    {"name": "Papua New Guinea","name_ne" : "पपुवा न्यू गिनी", "code": "PG"},
    {"name": "Paraguay","name_ne" : "पाराग्वे", "code": "PY"},
    {"name": "Peru","name_ne" : "पेरु", "code": "PE"},
    {"name": "Philippines","name_ne" : "फिलिपिन्स", "code": "PH"},
    {"name": "Pitcairn","name_ne" : "Pitcairn", "code": "PN"},
    {"name": "Poland","name_ne" : "पोल्याण्ड", "code": "PL"},
    {"name": "Portugal","name_ne" : "पोर्चुगल", "code": "PT"},
    {"name": "Puerto Rico","name_ne" : "पोर्टो रिको", "code": "PR"},
    {"name": "Qatar","name_ne" : "कतार", "code": "QA"},
    {"name": "Reunion","name_ne" : "पुनर्मिलन", "code": "RE"},
    {"name": "Romania","name_ne" : "रोमानिया", "code": "RO"},
    {"name": "Russian Federation","name_ne" : "रूसी संघ", "code": "RU"},
    {"name": "RWANDA","name_ne" : "RWANDA", "code": "RW"},
    {"name": "Saint Helena","name_ne" : "सेन्ट हेलेना", "code": "SH"},
    {"name": "Saint Kitts and Nevis","name_ne" : "सेन्ट किट्स र नेभिस", "code": "KN"},
    {"name": "Saint Lucia","name_ne" : "सेन्ट लुसिया", "code": "LC"},
    {"name": "Saint Pierre and Miquelon","name_ne" : "सेन्ट पियरे र मिकेलोन", "code": "PM"},
    {"name": "Saint Vincent and the Grenadines","name_ne" : "सेन्ट भिन्सेन्ट र ग्रेनेडाइन्स", "code": "VC"},
    {"name": "Samoa","name_ne" : "सामोआ", "code": "WS"},
    {"name": "San Marino","name_ne" : "सान मारिनो", "code": "SM"},
    {"name": "Sao Tome and Principe","name_ne" : "साओ टोम र प्रिन्सिपे", "code": "ST"},
    {"name": "Saudi Arabia","name_ne" : "साउदी अरेबिया", "code": "SA"},
    {"name": "Senegal","name_ne" : "Senegal", "code": "SN"},
    {"name": "Serbia","name_ne" : "सर्बिया", "code": "RS"},
    {"name": "Seychelles","name_ne" : "सेशेल्स", "code": "SC"},
    {"name": "Sierra Leone","name_ne" : "सियरा लियोन", "code": "SL"},
    {"name": "Singapore","name_ne" : "सिङ्गापुर", "code": "SG"},
    {"name": "Slovakia","name_ne" : "स्लोभाकिया", "code": "SK"},
    {"name": "Slovenia","name_ne" : "स्लोभेनिया", "code": "SI"},
    {"name": "Solomon Islands","name_ne" : "सोलोमन टापुहरू", "code": "SB"},
    {"name": "Somalia","name_ne" : "सोमालिया", "code": "SO"},
    {"name": "South Africa","name_ne" : "दक्षिण अफ्रिका", "code": "ZA"},
    {"name": "South Georgia and the South Sandwich Islands","name_ne" : "दक्षिण जर्जिया र दक्षिण स्यान्डविच टापुहरू", "code": "GS"},
    {"name": "Spain","name_ne" : "स्पेन", "code": "ES"},
    {"name": "Sri Lanka","name_ne" : "श्रीलंका", "code": "LK"},
    {"name": "Sudan","name_ne" : "सुडान", "code": "SD"},
    {"name": "Suriname","name_ne" : "सुरिनाम", "code": "SR"},
    {"name": "Svalbard and Jan Mayen","name_ne" : "स्वाल्बार्ड र जान मायन", "code": "SJ"},
    {"name": "Swaziland","name_ne" : "स्वाजिल्याण्ड", "code": "SZ"},
    {"name": "Sweden","name_ne" : "स्वीडेन", "code": "SE"},
    {"name": "Switzerland","name_ne" : "स्विट्जरल्याण्ड", "code": "CH"},
    {"name": "Syrian Arab Republic","name_ne" : "सिरियाली अरब गणतन्त्र", "code": "SY"},
    {"name": "Taiwan, Province of China","name_ne" : "ताइवान, चीनको प्रान्त", "code": "TW"},
    {"name": "Tajikistan","name_ne" : "ताजिकिस्तान", "code": "TJ"},
    {"name": "Tanzania, United Republic of","name_ne" : "तान्जानिया, संयुक्त गणतन्त्र", "code": "TZ"},
    {"name": "Thailand","name_ne" : "थाइल्याण्ड", "code": "TH"},
    {"name": "Timor-Leste","name_ne" : "टिमोर-लेस्टे", "code": "TL"},
    {"name": "Togo","name_ne" : "टोगो", "code": "TG"},
    {"name": "Tokelau","name_ne" : "टोकेलाउ", "code": "TK"},
    {"name": "Tonga","name_ne" : "टोंगा", "code": "TO"},
    {"name": "Trinidad and Tobago","name_ne" : "ट्रिनिडाड र टोबागो", "code": "TT"},
    {"name": "Tunisia","name_ne" : "ट्युनिसिया", "code": "TN"},
    {"name": "Turkey","name_ne" : "टर्की", "code": "TR"},
    {"name": "Turkmenistan","name_ne" : "तुर्कमेनिस्तान", "code": "TM"},
    {"name": "Turks and Caicos Islands","name_ne" : "टर्क्स र काइकोस टापुहरू", "code": "TC"},
    {"name": "Tuvalu","name_ne" : "टुभालु", "code": "TV"},
    {"name": "Uganda","name_ne" : "युगान्डा", "code": "UG"},
    {"name": "Ukraine","name_ne" : "युक्रेन", "code": "UA"},
    {"name": "United Arab Emirates","name_ne" : "संयुक्त अरब इमिरेट्स", "code": "AE"},
    {"name": "United Kingdom","name_ne" : "युनाइटेड किंगडम", "code": "GB"},
    {"name": "United States","name_ne" : "संयुक्त राज्य अमेरिका", "code": "US"},
    {"name": "United States Minor Outlying Islands","name_ne" : "संयुक्त राज्य अमेरिका माइनर आउटलाइङ टापुहरू", "code": "UM"},
    {"name": "Uruguay","name_ne" : "उरुग्वे", "code": "UY"},
    {"name": "Uzbekistan","name_ne" : "उज्वेकिस्तान", "code": "UZ"},
    {"name": "Vanuatu","name_ne" : "भानुअतु", "code": "VU"},
    {"name": "Venezuela","name_ne" : "भेनेजुएला", "code": "VE"},
    {"name": "Viet Nam","name_ne" : "भियतनाम", "code": "VN"},
    {"name": "Virgin Islands, British","name_ne" : "भर्जिन टापुहरू, ब्रिटिश", "code": "VG"},
    {"name": "Virgin Islands, U.S.","name_ne" : "भर्जिन टापु, संयुक्त राज्य अमेरिका", "code": "VI"},
    {"name": "Wallis and Futuna","name_ne" : "वालिस र Futuna", "code": "WF"},
    {"name": "Western Sahara","name_ne" : "पश्चिमी सहारा", "code": "EH"},
    {"name": "Yemen","name_ne" : "यमन", "code": "YE"},
    {"name": "Zambia","name_ne" : "जाम्बिया", "code": "ZM"},
    {"name": "Zimbabwe","name_ne" : "जिम्बाब्वे", "code": "ZW"}
]
